fold,train_size,val_size,accuracy,precision,recall,f1,roc_auc
1,165,163,0.6871165644171779,0.4583333333333333,0.46808510638297873,0.4631578947368421,0.7134996331621423
2,328,163,0.5644171779141104,0.32075471698113206,0.3269230769230769,0.3238095238095238,0.5317047817047817
3,491,163,0.6196319018404908,0.3125,0.2,0.24390243902439024,0.5686725663716814
