Strategy,Mean_6M_Return,Std_6M_Return,Mean_WinRate,Mean_Sharpe,Mean_MaxDrawdown,Mean_Volatility,Mean_Precision5
Factor Model,0.06966859964820274,0.05046248615701027,0.75,1.4807894333864429,-0.05383046521709286,0.09299554975484656,0.4
ML Model (RF),0.011595105483317247,0.04493724242988918,0.5,0.2577119748546799,-0.08941950332153475,0.12098983736231232,0.4
Hybrid (High Conf.),0.13367158942838903,0.041533326687662686,0.825,2.3774131020063756,-0.055880135749663856,0.10834025110738404,0.55
STI Index,-0.013080078496204461,0.03157608539178769,,,,,
Random Portfolio,-0.0002650892879762518,0.07778842640659539,0.5,0.1269523824043995,-0.09595562674446709,0.1223430854527908,0.25
Momentum Strategy,-0.04050589872816824,0.06421220901411023,0.45,-0.5823715213688765,-0.11775203542173446,0.12801415551441345,0.35
High-Dividend Strategy,0.019829151367153422,0.0563327568828793,0.6,0.35692905725337876,-0.06354119782583276,0.10944658484216549,0.2
