Portfolio,Expected_Annual_Return,Annual_Volatility,Sharpe_Ratio
Optimised (Max Sharpe),0.38770973553410054,0.21511692078478595,1.6163755703902405
Equal-Weight,0.12166669695991378,0.13893892563883636,0.5877884587376297
Min Variance,0.06427227293885476,0.080563381301099,0.3012817057434462
